Bond;Chantale;+420130044586
Bradley;Sydnee;+420976213207
Burch;Rina;+420477272787
Cain;Caryn;+420322651417
Carr;Byron;+420264474515
Ellis;Kiara;+420284756295
Farmer;Solomon;+420313856487
Farrell;Cecilia;+420764212340
Gentry;Preston;+420590191879
Gill;Mona;+420288566886
Hammond;Solomon;+420378423538
Haney;Cody;+420877758692
Hebert;Moses;+420683497904
Matthews;Dana;+420363415449
Mcfadden;Dane;+420763729864
Mcguire;Summer;+420712216994
Mckinney;Hedda;+420676235648
Mcpherson;Erin;+420284882145
Mercer;Brady;+420385307564
O'connor;Maia;+420751594694
Peterson;Norman;+420140352012
Phelps;Stephen;+420272511118
Powers;Hasad;+420133671531
Rogers;Cassady;+420101309283
Salas;William;+420169716688
Small;Cathleen;+420161414403
Tyson;Xanthus;+420802251710
Weaver;Cain;+420558516210
Weber;Justin;+420048287536
Wong;Kerry;+420318874641
